annotation_count,api_path,artist_names,full_title,header_image_thumbnail_url,header_image_url,id,lyrics_owner_id,lyrics_state,path,pyongs_count,relationships_index_url,release_date_components,release_date_for_display,release_date_with_abbreviated_month_for_display,song_art_image_thumbnail_url,song_art_image_url,stats,title,title_with_featured,url,featured_artists,primary_artist,stat_unreviewed_annotations,stat_concurrents,stat_hot,stat_pageviews,primary_artist_api_path,primary_artist_header_image_url,primary_artist_id,primary_artist_image_url,primary_artist_is_meme_verified,primary_artist_is_verified,primary_artist_name,primary_artist_url
8,/songs/2236,The Beatles,Yesterday by The Beatles,https://images.genius.com/67d46a92276344c6a8684f9c7d27ef80.300x169x1.jpg,https://images.genius.com/67d46a92276344c6a8684f9c7d27ef80.1000x563x1.jpg,2236,7,complete,/The-beatles-yesterday-lyrics,95.0,https://genius.com/The-beatles-yesterday-sample,"{'year': 1965, 'month': 9, 'day': 13}","September 13, 1965","Sep. 13, 1965",https://images.genius.com/f9bfd62a8c651caab16f631039a9a0b6.300x300x1.jpg,https://images.genius.com/f9bfd62a8c651caab16f631039a9a0b6.600x600x1.jpg,"{'unreviewed_annotations': 4, 'concurrents': 3, 'hot': False, 'pageviews': 2546269}",Yesterday,Yesterday,https://genius.com/The-beatles-yesterday-lyrics,[],"{'api_path': '/artists/586', 'header_image_url': 'https://images.genius.com/817d7fb288bb1c8456140d7e4987e7e7.400x226x148.gif', 'id': 586, 'image_url': 'https://images.genius.com/2a7afa0442a3805371b018ca29dfdda6.1000x1000x1.jpg', 'is_meme_verified': False, 'is_verified': False, 'name': 'The Beatles', 'url': 'https://genius.com/artists/The-beatles'}",4,3.0,False,2546269,/artists/586,https://images.genius.com/817d7fb288bb1c8456140d7e4987e7e7.400x226x148.gif,586,https://images.genius.com/2a7afa0442a3805371b018ca29dfdda6.1000x1000x1.jpg,False,False,The Beatles,https://genius.com/artists/The-beatles
9,/songs/1575,The Beatles,Let It Be by The Beatles,https://images.genius.com/92f06c735acd852cb7f68a1f1f2c4cdc.300x300x1.jpg,https://images.genius.com/92f06c735acd852cb7f68a1f1f2c4cdc.1000x1000x1.jpg,1575,7,complete,/The-beatles-let-it-be-lyrics,123.0,https://genius.com/The-beatles-let-it-be-sample,"{'year': 1970, 'month': 5, 'day': 8}","May 8, 1970","May. 8, 1970",https://images.genius.com/38df3b59f231f4babd59aec795764979.300x304x1.jpg,https://images.genius.com/38df3b59f231f4babd59aec795764979.494x500x1.jpg,"{'unreviewed_annotations': 1, 'concurrents': 2, 'hot': False, 'pageviews': 1758606}",Let It Be,Let It Be,https://genius.com/The-beatles-let-it-be-lyrics,[],"{'api_path': '/artists/586', 'header_image_url': 'https://images.genius.com/817d7fb288bb1c8456140d7e4987e7e7.400x226x148.gif', 'id': 586, 'image_url': 'https://images.genius.com/2a7afa0442a3805371b018ca29dfdda6.1000x1000x1.jpg', 'is_meme_verified': False, 'is_verified': False, 'name': 'The Beatles', 'url': 'https://genius.com/artists/The-beatles'}",1,2.0,False,1758606,/artists/586,https://images.genius.com/817d7fb288bb1c8456140d7e4987e7e7.400x226x148.gif,586,https://images.genius.com/2a7afa0442a3805371b018ca29dfdda6.1000x1000x1.jpg,False,False,The Beatles,https://genius.com/artists/The-beatles
23,/songs/82381,The Beatles,Hey Jude by The Beatles,https://images.genius.com/d3ed7c6e723c41aa6741b000259081fd.300x212x1.jpg,https://images.genius.com/d3ed7c6e723c41aa6741b000259081fd.1000x707x1.jpg,82381,25711,complete,/The-beatles-hey-jude-lyrics,99.0,https://genius.com/The-beatles-hey-jude-sample,"{'year': 1968, 'month': 8, 'day': 26}","August 26, 1968","Aug. 26, 1968",https://images.genius.com/537342a11e2455300f30464e88dd02f0.300x300x1.jpg,https://images.genius.com/537342a11e2455300f30464e88dd02f0.1000x1000x1.jpg,"{'unreviewed_annotations': 3, 'hot': False, 'pageviews': 1320106}",Hey Jude,Hey Jude,https://genius.com/The-beatles-hey-jude-lyrics,[],"{'api_path': '/artists/586', 'header_image_url': 'https://images.genius.com/817d7fb288bb1c8456140d7e4987e7e7.400x226x148.gif', 'id': 586, 'image_url': 'https://images.genius.com/2a7afa0442a3805371b018ca29dfdda6.1000x1000x1.jpg', 'is_meme_verified': False, 'is_verified': False, 'name': 'The Beatles', 'url': 'https://genius.com/artists/The-beatles'}",3,,False,1320106,/artists/586,https://images.genius.com/817d7fb288bb1c8456140d7e4987e7e7.400x226x148.gif,586,https://images.genius.com/2a7afa0442a3805371b018ca29dfdda6.1000x1000x1.jpg,False,False,The Beatles,https://genius.com/artists/The-beatles
20,/songs/56218,The Beatles,Come Together by The Beatles,https://images.genius.com/5a6f82f01d02914d41ebf2cd773a26be.300x300x1.jpg,https://images.genius.com/5a6f82f01d02914d41ebf2cd773a26be.1000x1000x1.jpg,56218,29141,complete,/The-beatles-come-together-lyrics,79.0,https://genius.com/The-beatles-come-together-sample,"{'year': 1969, 'month': 9, 'day': 26}","September 26, 1969","Sep. 26, 1969",https://images.genius.com/04df901371547072bab671b1cca50912.300x300x1.jpg,https://images.genius.com/04df901371547072bab671b1cca50912.1000x1000x1.jpg,"{'unreviewed_annotations': 7, 'hot': False, 'pageviews': 1293475}",Come Together,Come Together,https://genius.com/The-beatles-come-together-lyrics,[],"{'api_path': '/artists/586', 'header_image_url': 'https://images.genius.com/817d7fb288bb1c8456140d7e4987e7e7.400x226x148.gif', 'id': 586, 'image_url': 'https://images.genius.com/2a7afa0442a3805371b018ca29dfdda6.1000x1000x1.jpg', 'is_meme_verified': False, 'is_verified': False, 'name': 'The Beatles', 'url': 'https://genius.com/artists/The-beatles'}",7,,False,1293475,/artists/586,https://images.genius.com/817d7fb288bb1c8456140d7e4987e7e7.400x226x148.gif,586,https://images.genius.com/2a7afa0442a3805371b018ca29dfdda6.1000x1000x1.jpg,False,False,The Beatles,https://genius.com/artists/The-beatles
9,/songs/71861,The Beatles,In My Life by The Beatles,https://images.genius.com/1a5e9183169bb70366f9c0e1be9a8042.300x300x1.jpg,https://images.genius.com/1a5e9183169bb70366f9c0e1be9a8042.1000x1000x1.jpg,71861,11524,complete,/The-beatles-in-my-life-lyrics,35.0,https://genius.com/The-beatles-in-my-life-sample,"{'year': 1965, 'month': 12, 'day': 3}","December 3, 1965","Dec. 3, 1965",https://images.genius.com/1a5e9183169bb70366f9c0e1be9a8042.300x300x1.jpg,https://images.genius.com/1a5e9183169bb70366f9c0e1be9a8042.1000x1000x1.jpg,"{'unreviewed_annotations': 4, 'concurrents': 2, 'hot': False, 'pageviews': 1221360}",In My Life,In My Life,https://genius.com/The-beatles-in-my-life-lyrics,[],"{'api_path': '/artists/586', 'header_image_url': 'https://images.genius.com/817d7fb288bb1c8456140d7e4987e7e7.400x226x148.gif', 'id': 586, 'image_url': 'https://images.genius.com/2a7afa0442a3805371b018ca29dfdda6.1000x1000x1.jpg', 'is_meme_verified': False, 'is_verified': False, 'name': 'The Beatles', 'url': 'https://genius.com/artists/The-beatles'}",4,2.0,False,1221360,/artists/586,https://images.genius.com/817d7fb288bb1c8456140d7e4987e7e7.400x226x148.gif,586,https://images.genius.com/2a7afa0442a3805371b018ca29dfdda6.1000x1000x1.jpg,False,False,The Beatles,https://genius.com/artists/The-beatles
8,/songs/87577,The Beatles,Here Comes the Sun by The Beatles,https://images.genius.com/003c2b3d4b489659367e9fc1c47ffb62.300x300x1.png,https://images.genius.com/003c2b3d4b489659367e9fc1c47ffb62.1000x1000x1.png,87577,133789,complete,/The-beatles-here-comes-the-sun-lyrics,59.0,https://genius.com/The-beatles-here-comes-the-sun-sample,"{'year': 1969, 'month': 9, 'day': 26}","September 26, 1969","Sep. 26, 1969",https://images.genius.com/003c2b3d4b489659367e9fc1c47ffb62.300x300x1.png,https://images.genius.com/003c2b3d4b489659367e9fc1c47ffb62.1000x1000x1.png,"{'unreviewed_annotations': 5, 'hot': False, 'pageviews': 1210342}",Here Comes the Sun,Here Comes the Sun,https://genius.com/The-beatles-here-comes-the-sun-lyrics,[],"{'api_path': '/artists/586', 'header_image_url': 'https://images.genius.com/817d7fb288bb1c8456140d7e4987e7e7.400x226x148.gif', 'id': 586, 'image_url': 'https://images.genius.com/2a7afa0442a3805371b018ca29dfdda6.1000x1000x1.jpg', 'is_meme_verified': False, 'is_verified': False, 'name': 'The Beatles', 'url': 'https://genius.com/artists/The-beatles'}",5,,False,1210342,/artists/586,https://images.genius.com/817d7fb288bb1c8456140d7e4987e7e7.400x226x148.gif,586,https://images.genius.com/2a7afa0442a3805371b018ca29dfdda6.1000x1000x1.jpg,False,False,The Beatles,https://genius.com/artists/The-beatles
7,/songs/87564,The Beatles,Something by The Beatles,https://images.genius.com/584344512ab9bd9db639b1393b26d949.300x300x1.jpg,https://images.genius.com/584344512ab9bd9db639b1393b26d949.1000x1000x1.jpg,87564,133789,complete,/The-beatles-something-lyrics,33.0,https://genius.com/The-beatles-something-sample,"{'year': 1969, 'month': 9, 'day': 26}","September 26, 1969","Sep. 26, 1969",https://images.genius.com/14ca82e1dbb4c721eec6ede26df9553e.300x299x1.jpg,https://images.genius.com/14ca82e1dbb4c721eec6ede26df9553e.1000x995x1.jpg,"{'unreviewed_annotations': 3, 'hot': False, 'pageviews': 1073582}",Something,Something,https://genius.com/The-beatles-something-lyrics,[],"{'api_path': '/artists/586', 'header_image_url': 'https://images.genius.com/817d7fb288bb1c8456140d7e4987e7e7.400x226x148.gif', 'id': 586, 'image_url': 'https://images.genius.com/2a7afa0442a3805371b018ca29dfdda6.1000x1000x1.jpg', 'is_meme_verified': False, 'is_verified': False, 'name': 'The Beatles', 'url': 'https://genius.com/artists/The-beatles'}",3,,False,1073582,/artists/586,https://images.genius.com/817d7fb288bb1c8456140d7e4987e7e7.400x226x148.gif,586,https://images.genius.com/2a7afa0442a3805371b018ca29dfdda6.1000x1000x1.jpg,False,False,The Beatles,https://genius.com/artists/The-beatles
12,/songs/1577,The Beatles,Eleanor Rigby by The Beatles,https://images.genius.com/d09a9e0db69b040b98e4862e522766bc.300x300x1.jpg,https://images.genius.com/d09a9e0db69b040b98e4862e522766bc.1000x1000x1.jpg,1577,7,complete,/The-beatles-eleanor-rigby-lyrics,83.0,https://genius.com/The-beatles-eleanor-rigby-sample,"{'year': 1966, 'month': 8, 'day': 5}","August 5, 1966","Aug. 5, 1966",https://images.rapgenius.com/b669c9e3503f0b187580594f4bab62f7.300x301x1.jpg,https://images.rapgenius.com/b669c9e3503f0b187580594f4bab62f7.461x462x1.jpg,"{'unreviewed_annotations': 1, 'concurrents': 2, 'hot': False, 'pageviews': 1004820}",Eleanor Rigby,Eleanor Rigby,https://genius.com/The-beatles-eleanor-rigby-lyrics,[],"{'api_path': '/artists/586', 'header_image_url': 'https://images.genius.com/817d7fb288bb1c8456140d7e4987e7e7.400x226x148.gif', 'id': 586, 'image_url': 'https://images.genius.com/2a7afa0442a3805371b018ca29dfdda6.1000x1000x1.jpg', 'is_meme_verified': False, 'is_verified': False, 'name': 'The Beatles', 'url': 'https://genius.com/artists/The-beatles'}",1,2.0,False,1004820,/artists/586,https://images.genius.com/817d7fb288bb1c8456140d7e4987e7e7.400x226x148.gif,586,https://images.genius.com/2a7afa0442a3805371b018ca29dfdda6.1000x1000x1.jpg,False,False,The Beatles,https://genius.com/artists/The-beatles
18,/songs/1436,The Beatles,A Day in the Life by The Beatles,https://images.genius.com/0123ecd81f4cd4d80c0143bba8b3da8e.300x300x1.png,https://images.genius.com/0123ecd81f4cd4d80c0143bba8b3da8e.1000x1000x1.png,1436,7,complete,/The-beatles-a-day-in-the-life-lyrics,76.0,https://genius.com/The-beatles-a-day-in-the-life-sample,"{'year': 1967, 'month': 5, 'day': 26}","May 26, 1967","May. 26, 1967",https://images.genius.com/0123ecd81f4cd4d80c0143bba8b3da8e.300x300x1.png,https://images.genius.com/0123ecd81f4cd4d80c0143bba8b3da8e.1000x1000x1.png,"{'unreviewed_annotations': 1, 'hot': False, 'pageviews': 843871}",A Day in the Life,A Day in the Life,https://genius.com/The-beatles-a-day-in-the-life-lyrics,[],"{'api_path': '/artists/586', 'header_image_url': 'https://images.genius.com/817d7fb288bb1c8456140d7e4987e7e7.400x226x148.gif', 'id': 586, 'image_url': 'https://images.genius.com/2a7afa0442a3805371b018ca29dfdda6.1000x1000x1.jpg', 'is_meme_verified': False, 'is_verified': False, 'name': 'The Beatles', 'url': 'https://genius.com/artists/The-beatles'}",1,,False,843871,/artists/586,https://images.genius.com/817d7fb288bb1c8456140d7e4987e7e7.400x226x148.gif,586,https://images.genius.com/2a7afa0442a3805371b018ca29dfdda6.1000x1000x1.jpg,False,False,The Beatles,https://genius.com/artists/The-beatles
6,/songs/1556,The Beatles,Blackbird by The Beatles,https://images.genius.com/85f5a0ea6444f048f35ac401fc26e633.300x300x1.png,https://images.genius.com/85f5a0ea6444f048f35ac401fc26e633.1000x1000x1.png,1556,7,complete,/The-beatles-blackbird-lyrics,43.0,https://genius.com/The-beatles-blackbird-sample,"{'year': 1968, 'month': 11, 'day': 22}","November 22, 1968","Nov. 22, 1968",https://images.genius.com/85f5a0ea6444f048f35ac401fc26e633.300x300x1.png,https://images.genius.com/85f5a0ea6444f048f35ac401fc26e633.1000x1000x1.png,"{'unreviewed_annotations': 2, 'hot': False, 'pageviews': 840118}",Blackbird,Blackbird,https://genius.com/The-beatles-blackbird-lyrics,[],"{'api_path': '/artists/586', 'header_image_url': 'https://images.genius.com/817d7fb288bb1c8456140d7e4987e7e7.400x226x148.gif', 'id': 586, 'image_url': 'https://images.genius.com/2a7afa0442a3805371b018ca29dfdda6.1000x1000x1.jpg', 'is_meme_verified': False, 'is_verified': False, 'name': 'The Beatles', 'url': 'https://genius.com/artists/The-beatles'}",2,,False,840118,/artists/586,https://images.genius.com/817d7fb288bb1c8456140d7e4987e7e7.400x226x148.gif,586,https://images.genius.com/2a7afa0442a3805371b018ca29dfdda6.1000x1000x1.jpg,False,False,The Beatles,https://genius.com/artists/The-beatles
34,/songs/4176,Missy Elliott,Work It by Missy Elliott,https://images.genius.com/a54a36ef386a84ff0e689dc6d9cbdd18.300x300x1.jpg,https://images.genius.com/a54a36ef386a84ff0e689dc6d9cbdd18.953x953x1.jpg,4176,6654,complete,/Missy-elliott-work-it-lyrics,42.0,https://genius.com/Missy-elliott-work-it-sample,"{'year': 2002, 'month': 9, 'day': 1}","September 1, 2002","Sep. 1, 2002",https://images.genius.com/a54a36ef386a84ff0e689dc6d9cbdd18.300x300x1.jpg,https://images.genius.com/a54a36ef386a84ff0e689dc6d9cbdd18.953x953x1.jpg,"{'unreviewed_annotations': 3, 'hot': False, 'pageviews': 1394788}",Work It,Work It,https://genius.com/Missy-elliott-work-it-lyrics,[],"{'api_path': '/artists/1529', 'header_image_url': 'https://images.genius.com/d91c82fa4ae2f1016fadc1c24fbbc59e.1000x333x1.jpg', 'id': 1529, 'image_url': 'https://images.genius.com/085828b7d79bf8cf068b1557ca7a5e4c.1000x1000x1.jpg', 'is_meme_verified': False, 'is_verified': False, 'name': 'Missy Elliott', 'url': 'https://genius.com/artists/Missy-elliott'}",3,,False,1394788,/artists/1529,https://images.genius.com/d91c82fa4ae2f1016fadc1c24fbbc59e.1000x333x1.jpg,1529,https://images.genius.com/085828b7d79bf8cf068b1557ca7a5e4c.1000x1000x1.jpg,False,False,Missy Elliott,https://genius.com/artists/Missy-elliott
28,/songs/2368201,Missy Elliott (Ft. Pharrell Williams),WTF (Where They From) by Missy Elliott (Ft. Pharrell Williams),https://images.rapgenius.com/a439d6d6020559ffe7c10f0d73722de1.300x300x1.jpg,https://images.rapgenius.com/a439d6d6020559ffe7c10f0d73722de1.1000x1000x1.jpg,2368201,282633,complete,/Missy-elliott-wtf-where-they-from-lyrics,89.0,https://genius.com/Missy-elliott-wtf-where-they-from-sample,"{'year': 2015, 'month': 11, 'day': 12}","November 12, 2015","Nov. 12, 2015",https://images.rapgenius.com/a439d6d6020559ffe7c10f0d73722de1.300x300x1.jpg,https://images.rapgenius.com/a439d6d6020559ffe7c10f0d73722de1.1000x1000x1.jpg,"{'unreviewed_annotations': 1, 'hot': False, 'pageviews': 296420}",WTF (Where They From),WTF (Where They From) (Ft. Pharrell Williams),https://genius.com/Missy-elliott-wtf-where-they-from-lyrics,"[{'api_path': '/artists/110', 'header_image_url': 'https://images.genius.com/6bb3ce5bd62c7acfc3a66798c4bbeb26.640x427x1.jpg', 'id': 110, 'image_url': 'https://images.genius.com/aa964e94a21e7b893801ed3a2bd389b8.1000x1000x1.jpg', 'is_meme_verified': True, 'is_verified': True, 'name': 'Pharrell Williams', 'url': 'https://genius.com/artists/Pharrell-williams', 'iq': 724}]","{'api_path': '/artists/1529', 'header_image_url': 'https://images.genius.com/d91c82fa4ae2f1016fadc1c24fbbc59e.1000x333x1.jpg', 'id': 1529, 'image_url': 'https://images.genius.com/085828b7d79bf8cf068b1557ca7a5e4c.1000x1000x1.jpg', 'is_meme_verified': False, 'is_verified': False, 'name': 'Missy Elliott', 'url': 'https://genius.com/artists/Missy-elliott'}",1,,False,296420,/artists/1529,https://images.genius.com/d91c82fa4ae2f1016fadc1c24fbbc59e.1000x333x1.jpg,1529,https://images.genius.com/085828b7d79bf8cf068b1557ca7a5e4c.1000x1000x1.jpg,False,False,Missy Elliott,https://genius.com/artists/Missy-elliott
14,/songs/4640,Missy Elliott,Get Ur Freak On by Missy Elliott,https://images.genius.com/8c561e799c68d7b4fef60e5d3ef347a9.300x300x1.jpg,https://images.genius.com/8c561e799c68d7b4fef60e5d3ef347a9.1000x1000x1.jpg,4640,1297,complete,/Missy-elliott-get-ur-freak-on-lyrics,19.0,https://genius.com/Missy-elliott-get-ur-freak-on-sample,"{'year': 2001, 'month': 3, 'day': 6}","March 6, 2001","Mar. 6, 2001",https://images.genius.com/18baf13e5f41e15df357c3a85d673632.300x300x1.jpg,https://images.genius.com/18baf13e5f41e15df357c3a85d673632.600x600x1.jpg,"{'unreviewed_annotations': 0, 'hot': False, 'pageviews': 211910}",Get Ur Freak On,Get Ur Freak On,https://genius.com/Missy-elliott-get-ur-freak-on-lyrics,[],"{'api_path': '/artists/1529', 'header_image_url': 'https://images.genius.com/d91c82fa4ae2f1016fadc1c24fbbc59e.1000x333x1.jpg', 'id': 1529, 'image_url': 'https://images.genius.com/085828b7d79bf8cf068b1557ca7a5e4c.1000x1000x1.jpg', 'is_meme_verified': False, 'is_verified': False, 'name': 'Missy Elliott', 'url': 'https://genius.com/artists/Missy-elliott'}",0,,False,211910,/artists/1529,https://images.genius.com/d91c82fa4ae2f1016fadc1c24fbbc59e.1000x333x1.jpg,1529,https://images.genius.com/085828b7d79bf8cf068b1557ca7a5e4c.1000x1000x1.jpg,False,False,Missy Elliott,https://genius.com/artists/Missy-elliott
42,/songs/4173,Missy Elliott (Ft. Ludacris),Gossip Folks by Missy Elliott (Ft. Ludacris),https://images.genius.com/206153c53d05804677e236aa2ae4eb45.300x300x1.jpg,https://images.genius.com/206153c53d05804677e236aa2ae4eb45.600x600x1.jpg,4173,6654,complete,/Missy-elliott-gossip-folks-lyrics,8.0,https://genius.com/Missy-elliott-gossip-folks-sample,"{'year': 2002, 'month': 11, 'day': 12}","November 12, 2002","Nov. 12, 2002",https://images.genius.com/206153c53d05804677e236aa2ae4eb45.300x300x1.jpg,https://images.genius.com/206153c53d05804677e236aa2ae4eb45.600x600x1.jpg,"{'unreviewed_annotations': 0, 'hot': False, 'pageviews': 135375}",Gossip Folks,Gossip Folks (Ft. Ludacris),https://genius.com/Missy-elliott-gossip-folks-lyrics,"[{'api_path': '/artists/111', 'header_image_url': 'https://images.genius.com/11880a64f4da5b0153259777d6bcc25e.1000x563x1.jpg', 'id': 111, 'image_url': 'https://images.genius.com/c2e7cfec154f8d1ea7b03aae38e830a8.579x579x1.jpg', 'is_meme_verified': False, 'is_verified': False, 'name': 'Ludacris', 'url': 'https://genius.com/artists/Ludacris'}]","{'api_path': '/artists/1529', 'header_image_url': 'https://images.genius.com/d91c82fa4ae2f1016fadc1c24fbbc59e.1000x333x1.jpg', 'id': 1529, 'image_url': 'https://images.genius.com/085828b7d79bf8cf068b1557ca7a5e4c.1000x1000x1.jpg', 'is_meme_verified': False, 'is_verified': False, 'name': 'Missy Elliott', 'url': 'https://genius.com/artists/Missy-elliott'}",0,,False,135375,/artists/1529,https://images.genius.com/d91c82fa4ae2f1016fadc1c24fbbc59e.1000x333x1.jpg,1529,https://images.genius.com/085828b7d79bf8cf068b1557ca7a5e4c.1000x1000x1.jpg,False,False,Missy Elliott,https://genius.com/artists/Missy-elliott
6,/songs/33158,Missy Elliott (Ft. Ciara & Fatman Scoop),Lose Control by Missy Elliott (Ft. Ciara & Fatman Scoop),https://images.genius.com/51639e476eac5cb5bed5794c023763ff.300x303x1.jpg,https://images.genius.com/51639e476eac5cb5bed5794c023763ff.700x707x1.jpg,33158,50,complete,/Missy-elliott-lose-control-lyrics,11.0,https://genius.com/Missy-elliott-lose-control-sample,"{'year': 2005, 'month': 5, 'day': 27}","May 27, 2005","May. 27, 2005",https://images.genius.com/51639e476eac5cb5bed5794c023763ff.300x303x1.jpg,https://images.genius.com/51639e476eac5cb5bed5794c023763ff.700x707x1.jpg,"{'unreviewed_annotations': 1, 'hot': False, 'pageviews': 124894}",Lose Control,Lose Control (Ft. Ciara & Fatman Scoop),https://genius.com/Missy-elliott-lose-control-lyrics,"[{'api_path': '/artists/3516', 'header_image_url': 'https://images.genius.com/c6668ff096c94f8ce5a42becf4d65277.576x576x1.jpg', 'id': 3516, 'image_url': 'https://images.genius.com/c6668ff096c94f8ce5a42becf4d65277.576x576x1.jpg', 'is_meme_verified': False, 'is_verified': False, 'name': 'Fatman Scoop', 'url': 'https://genius.com/artists/Fatman-scoop'}, {'api_path': '/artists/1630', 'header_image_url': 'https://images.genius.com/8636c8aad8dfba446f8f0a3cbb8962aa.1000x245x1.png', 'id': 1630, 'image_url': 'https://images.genius.com/e923a5d22355e8946f06bacc8661f0c1.640x640x1.jpg', 'is_meme_verified': False, 'is_verified': False, 'name': 'Ciara', 'url': 'https://genius.com/artists/Ciara'}]","{'api_path': '/artists/1529', 'header_image_url': 'https://images.genius.com/d91c82fa4ae2f1016fadc1c24fbbc59e.1000x333x1.jpg', 'id': 1529, 'image_url': 'https://images.genius.com/085828b7d79bf8cf068b1557ca7a5e4c.1000x1000x1.jpg', 'is_meme_verified': False, 'is_verified': False, 'name': 'Missy Elliott', 'url': 'https://genius.com/artists/Missy-elliott'}",1,,False,124894,/artists/1529,https://images.genius.com/d91c82fa4ae2f1016fadc1c24fbbc59e.1000x333x1.jpg,1529,https://images.genius.com/085828b7d79bf8cf068b1557ca7a5e4c.1000x1000x1.jpg,False,False,Missy Elliott,https://genius.com/artists/Missy-elliott
16,/songs/128,Missy Elliott,The Rain (Supa Dupa Fly) by Missy Elliott,https://images.genius.com/a1543159342cd360256c12b42185771f.300x308x1.jpg,https://images.genius.com/a1543159342cd360256c12b42185771f.975x1000x1.jpg,128,4619460,complete,/Missy-elliott-the-rain-supa-dupa-fly-lyrics,8.0,https://genius.com/Missy-elliott-the-rain-supa-dupa-fly-sample,"{'year': 1997, 'month': 5, 'day': 20}","May 20, 1997","May. 20, 1997",https://images.genius.com/a1543159342cd360256c12b42185771f.300x308x1.jpg,https://images.genius.com/a1543159342cd360256c12b42185771f.975x1000x1.jpg,"{'unreviewed_annotations': 0, 'hot': False, 'pageviews': 126300}",The Rain (Supa Dupa Fly),The Rain (Supa Dupa Fly),https://genius.com/Missy-elliott-the-rain-supa-dupa-fly-lyrics,[],"{'api_path': '/artists/1529', 'header_image_url': 'https://images.genius.com/d91c82fa4ae2f1016fadc1c24fbbc59e.1000x333x1.jpg', 'id': 1529, 'image_url': 'https://images.genius.com/085828b7d79bf8cf068b1557ca7a5e4c.1000x1000x1.jpg', 'is_meme_verified': False, 'is_verified': False, 'name': 'Missy Elliott', 'url': 'https://genius.com/artists/Missy-elliott'}",0,,False,126300,/artists/1529,https://images.genius.com/d91c82fa4ae2f1016fadc1c24fbbc59e.1000x333x1.jpg,1529,https://images.genius.com/085828b7d79bf8cf068b1557ca7a5e4c.1000x1000x1.jpg,False,False,Missy Elliott,https://genius.com/artists/Missy-elliott
9,/songs/2967124,Missy Elliott (Ft. Cainon Lamb),I'm Better by Missy Elliott (Ft. Cainon Lamb),https://images.genius.com/609afe10820cce09ce9e3c768518c63c.300x300x1.jpg,https://images.genius.com/609afe10820cce09ce9e3c768518c63c.600x600x1.jpg,2967124,3075478,complete,/Missy-elliott-im-better-lyrics,13.0,https://genius.com/Missy-elliott-im-better-sample,"{'year': 2017, 'month': 1, 'day': 26}","January 26, 2017","Jan. 26, 2017",https://images.genius.com/609afe10820cce09ce9e3c768518c63c.300x300x1.jpg,https://images.genius.com/609afe10820cce09ce9e3c768518c63c.600x600x1.jpg,"{'unreviewed_annotations': 0, 'hot': False, 'pageviews': 113013}",I’m Better,I'm Better (Ft. Cainon Lamb),https://genius.com/Missy-elliott-im-better-lyrics,"[{'api_path': '/artists/305112', 'header_image_url': 'https://images.genius.com/b0bf9bf9be2df21ab3f6a45cd9cad67e.299x299x1.jpg', 'id': 305112, 'image_url': 'https://images.genius.com/b0bf9bf9be2df21ab3f6a45cd9cad67e.299x299x1.jpg', 'is_meme_verified': False, 'is_verified': False, 'name': 'Cainon Lamb', 'url': 'https://genius.com/artists/Cainon-lamb'}]","{'api_path': '/artists/1529', 'header_image_url': 'https://images.genius.com/d91c82fa4ae2f1016fadc1c24fbbc59e.1000x333x1.jpg', 'id': 1529, 'image_url': 'https://images.genius.com/085828b7d79bf8cf068b1557ca7a5e4c.1000x1000x1.jpg', 'is_meme_verified': False, 'is_verified': False, 'name': 'Missy Elliott', 'url': 'https://genius.com/artists/Missy-elliott'}",0,,False,113013,/artists/1529,https://images.genius.com/d91c82fa4ae2f1016fadc1c24fbbc59e.1000x333x1.jpg,1529,https://images.genius.com/085828b7d79bf8cf068b1557ca7a5e4c.1000x1000x1.jpg,False,False,Missy Elliott,https://genius.com/artists/Missy-elliott
17,/songs/4671,Missy Elliott (Ft. Ludacris & Trina),One Minute Man (Video Remix) by Missy Elliott (Ft. Ludacris & Trina),https://images.genius.com/a94eaf3c98a7134cb546ebf9e6d2b991.300x300x1.jpg,https://images.genius.com/a94eaf3c98a7134cb546ebf9e6d2b991.953x953x1.jpg,4671,7299,complete,/Missy-elliott-one-minute-man-video-remix-lyrics,6.0,https://genius.com/Missy-elliott-one-minute-man-video-remix-sample,"{'year': 2001, 'month': 6, 'day': 22}","June 22, 2001","Jun. 22, 2001",https://images.genius.com/a94eaf3c98a7134cb546ebf9e6d2b991.300x300x1.jpg,https://images.genius.com/a94eaf3c98a7134cb546ebf9e6d2b991.953x953x1.jpg,"{'unreviewed_annotations': 5, 'hot': False, 'pageviews': 77226}",One Minute Man (Video Remix),One Minute Man (Video Remix) (Ft. Ludacris & Trina),https://genius.com/Missy-elliott-one-minute-man-video-remix-lyrics,"[{'api_path': '/artists/117', 'header_image_url': 'https://images.genius.com/cf9fb6a21b7232aa1b28cd4c0543b4ff.550x271x1.jpg', 'id': 117, 'image_url': 'https://images.genius.com/14960b62107077180b3d8f9842d87f7a.1000x1000x1.jpg', 'is_meme_verified': False, 'is_verified': True, 'name': 'Trina', 'url': 'https://genius.com/artists/Trina', 'iq': 595}, {'api_path': '/artists/111', 'header_image_url': 'https://images.genius.com/11880a64f4da5b0153259777d6bcc25e.1000x563x1.jpg', 'id': 111, 'image_url': 'https://images.genius.com/c2e7cfec154f8d1ea7b03aae38e830a8.579x579x1.jpg', 'is_meme_verified': False, 'is_verified': False, 'name': 'Ludacris', 'url': 'https://genius.com/artists/Ludacris'}]","{'api_path': '/artists/1529', 'header_image_url': 'https://images.genius.com/d91c82fa4ae2f1016fadc1c24fbbc59e.1000x333x1.jpg', 'id': 1529, 'image_url': 'https://images.genius.com/085828b7d79bf8cf068b1557ca7a5e4c.1000x1000x1.jpg', 'is_meme_verified': False, 'is_verified': False, 'name': 'Missy Elliott', 'url': 'https://genius.com/artists/Missy-elliott'}",5,,False,77226,/artists/1529,https://images.genius.com/d91c82fa4ae2f1016fadc1c24fbbc59e.1000x333x1.jpg,1529,https://images.genius.com/085828b7d79bf8cf068b1557ca7a5e4c.1000x1000x1.jpg,False,False,Missy Elliott,https://genius.com/artists/Missy-elliott
39,/songs/33198,"Missy Elliott (Ft. Eve, Lil' Mo, Nas & Q-Tip)","Hot Boyz (Remix) by Missy Elliott (Ft. Eve, Lil' Mo, Nas & Q-Tip)",https://images.genius.com/2f13ef58a8d5efe0b1a4e96d2247e2b0.300x300x1.jpg,https://images.genius.com/2f13ef58a8d5efe0b1a4e96d2247e2b0.300x300x1.jpg,33198,50,complete,/Missy-elliott-hot-boyz-remix-lyrics,2.0,https://genius.com/Missy-elliott-hot-boyz-remix-sample,"{'year': 1999, 'month': 11, 'day': 9}","November 9, 1999","Nov. 9, 1999",https://images.genius.com/2f13ef58a8d5efe0b1a4e96d2247e2b0.300x300x1.jpg,https://images.genius.com/2f13ef58a8d5efe0b1a4e96d2247e2b0.300x300x1.jpg,"{'unreviewed_annotations': 0, 'hot': False, 'pageviews': 62236}",Hot Boyz (Remix),"Hot Boyz (Remix) (Ft. Eve, Lil' Mo, Nas & Q-Tip)",https://genius.com/Missy-elliott-hot-boyz-remix-lyrics,"[{'api_path': '/artists/267', 'header_image_url': 'https://s3.amazonaws.com/rapgenius/q-tip-rapper-mc.jpg', 'id': 267, 'image_url': 'https://s3.amazonaws.com/rapgenius/q-tip-rapper-mc.jpg', 'is_meme_verified': False, 'is_verified': True, 'name': 'Q-Tip', 'url': 'https://genius.com/artists/Q-tip', 'iq': 527}, {'api_path': '/artists/56', 'header_image_url': 'https://images.genius.com/db014f5e4f9c6e873e7c6e8ec7d1a76b.1000x624x1.jpg', 'id': 56, 'image_url': 'https://images.genius.com/23061dd2dc7e863127db561906debd27.434x434x1.jpg', 'is_meme_verified': True, 'is_verified': True, 'name': 'Nas', 'url': 'https://genius.com/artists/Nas', 'iq': 41878}, {'api_path': '/artists/2445', 'header_image_url': 'https://images.genius.com/e4820e36e64834cad8734b2c3382c993.500x344x1.jpg', 'id': 2445, 'image_url': 'https://images.genius.com/b466fbaf33cde94e5633d70d348aba73.344x344x1.jpg', 'is_meme_verified': False, 'is_verified': False, 'name': 'Lil’ Mo', 'url': 'https://genius.com/artists/Lil-mo'}, {'api_path': '/artists/458', 'header_image_url': 'https://images.genius.com/a81eb20a79449c65bf95be8b2ec2e3e9.1000x1000x1.jpg', 'id': 458, 'image_url': 'https://images.genius.com/a81eb20a79449c65bf95be8b2ec2e3e9.1000x1000x1.jpg', 'is_meme_verified': True, 'is_verified': True, 'name': 'Eve', 'url': 'https://genius.com/artists/Eve', 'iq': 1430}]","{'api_path': '/artists/1529', 'header_image_url': 'https://images.genius.com/d91c82fa4ae2f1016fadc1c24fbbc59e.1000x333x1.jpg', 'id': 1529, 'image_url': 'https://images.genius.com/085828b7d79bf8cf068b1557ca7a5e4c.1000x1000x1.jpg', 'is_meme_verified': False, 'is_verified': False, 'name': 'Missy Elliott', 'url': 'https://genius.com/artists/Missy-elliott'}",0,,False,62236,/artists/1529,https://images.genius.com/d91c82fa4ae2f1016fadc1c24fbbc59e.1000x333x1.jpg,1529,https://images.genius.com/085828b7d79bf8cf068b1557ca7a5e4c.1000x1000x1.jpg,False,False,Missy Elliott,https://genius.com/artists/Missy-elliott
19,/songs/33191,Missy Elliott,Bomb Intro / Pass That Dutch by Missy Elliott,https://images.genius.com/8c2a5015c6ba9e5f0c154f9a20f14534.300x300x1.jpg,https://images.genius.com/8c2a5015c6ba9e5f0c154f9a20f14534.583x583x1.jpg,33191,50,complete,/Missy-elliott-bomb-intro-pass-that-dutch-lyrics,5.0,https://genius.com/Missy-elliott-bomb-intro-pass-that-dutch-sample,"{'year': 2003, 'month': 10, 'day': 14}","October 14, 2003","Oct. 14, 2003",https://images.genius.com/8c2a5015c6ba9e5f0c154f9a20f14534.300x300x1.jpg,https://images.genius.com/8c2a5015c6ba9e5f0c154f9a20f14534.583x583x1.jpg,"{'unreviewed_annotations': 3, 'hot': False, 'pageviews': 59214}",Bomb Intro / Pass That Dutch,Bomb Intro / Pass That Dutch,https://genius.com/Missy-elliott-bomb-intro-pass-that-dutch-lyrics,[],"{'api_path': '/artists/1529', 'header_image_url': 'https://images.genius.com/d91c82fa4ae2f1016fadc1c24fbbc59e.1000x333x1.jpg', 'id': 1529, 'image_url': 'https://images.genius.com/085828b7d79bf8cf068b1557ca7a5e4c.1000x1000x1.jpg', 'is_meme_verified': False, 'is_verified': False, 'name': 'Missy Elliott', 'url': 'https://genius.com/artists/Missy-elliott'}",3,,False,59214,/artists/1529,https://images.genius.com/d91c82fa4ae2f1016fadc1c24fbbc59e.1000x333x1.jpg,1529,https://images.genius.com/085828b7d79bf8cf068b1557ca7a5e4c.1000x1000x1.jpg,False,False,Missy Elliott,https://genius.com/artists/Missy-elliott
5,/songs/2474875,Andy Shauf,The Magician by Andy Shauf,https://images.genius.com/0d031f033e938b07532758a7e2d6e29f.300x300x1.jpg,https://images.genius.com/0d031f033e938b07532758a7e2d6e29f.1000x1000x1.jpg,2474875,54639,complete,/Andy-shauf-the-magician-lyrics,4.0,https://genius.com/Andy-shauf-the-magician-sample,"{'year': 2016, 'month': 5, 'day': 20}","May 20, 2016","May. 20, 2016",https://images.genius.com/0d031f033e938b07532758a7e2d6e29f.300x300x1.jpg,https://images.genius.com/0d031f033e938b07532758a7e2d6e29f.1000x1000x1.jpg,"{'unreviewed_annotations': 4, 'hot': False, 'pageviews': 56909}",The Magician,The Magician,https://genius.com/Andy-shauf-the-magician-lyrics,[],"{'api_path': '/artists/380491', 'header_image_url': 'https://images.genius.com/a5f58893498df48fadc615a81e355255.1000x1000x1.jpg', 'id': 380491, 'image_url': 'https://images.genius.com/a5f58893498df48fadc615a81e355255.1000x1000x1.jpg', 'is_meme_verified': False, 'is_verified': False, 'name': 'Andy Shauf', 'url': 'https://genius.com/artists/Andy-shauf'}",4,,False,56909,/artists/380491,https://images.genius.com/a5f58893498df48fadc615a81e355255.1000x1000x1.jpg,380491,https://images.genius.com/a5f58893498df48fadc615a81e355255.1000x1000x1.jpg,False,False,Andy Shauf,https://genius.com/artists/Andy-shauf
9,/songs/2824015,Andy Shauf,Quite Like You by Andy Shauf,https://images.genius.com/0d031f033e938b07532758a7e2d6e29f.300x300x1.jpg,https://images.genius.com/0d031f033e938b07532758a7e2d6e29f.1000x1000x1.jpg,2824015,1501875,complete,/Andy-shauf-quite-like-you-lyrics,2.0,https://genius.com/Andy-shauf-quite-like-you-sample,"{'year': 2016, 'month': 5, 'day': 20}","May 20, 2016","May. 20, 2016",https://images.genius.com/0d031f033e938b07532758a7e2d6e29f.300x300x1.jpg,https://images.genius.com/0d031f033e938b07532758a7e2d6e29f.1000x1000x1.jpg,"{'unreviewed_annotations': 9, 'hot': False, 'pageviews': 39258}",Quite Like You,Quite Like You,https://genius.com/Andy-shauf-quite-like-you-lyrics,[],"{'api_path': '/artists/380491', 'header_image_url': 'https://images.genius.com/a5f58893498df48fadc615a81e355255.1000x1000x1.jpg', 'id': 380491, 'image_url': 'https://images.genius.com/a5f58893498df48fadc615a81e355255.1000x1000x1.jpg', 'is_meme_verified': False, 'is_verified': False, 'name': 'Andy Shauf', 'url': 'https://genius.com/artists/Andy-shauf'}",9,,False,39258,/artists/380491,https://images.genius.com/a5f58893498df48fadc615a81e355255.1000x1000x1.jpg,380491,https://images.genius.com/a5f58893498df48fadc615a81e355255.1000x1000x1.jpg,False,False,Andy Shauf,https://genius.com/artists/Andy-shauf
11,/songs/2857381,Andy Shauf,To You by Andy Shauf,https://images.genius.com/0d031f033e938b07532758a7e2d6e29f.300x300x1.jpg,https://images.genius.com/0d031f033e938b07532758a7e2d6e29f.1000x1000x1.jpg,2857381,3587490,complete,/Andy-shauf-to-you-lyrics,,https://genius.com/Andy-shauf-to-you-sample,"{'year': 2016, 'month': 5, 'day': 20}","May 20, 2016","May. 20, 2016",https://images.genius.com/0d031f033e938b07532758a7e2d6e29f.300x300x1.jpg,https://images.genius.com/0d031f033e938b07532758a7e2d6e29f.1000x1000x1.jpg,"{'unreviewed_annotations': 11, 'hot': False, 'pageviews': 32096}",To You,To You,https://genius.com/Andy-shauf-to-you-lyrics,[],"{'api_path': '/artists/380491', 'header_image_url': 'https://images.genius.com/a5f58893498df48fadc615a81e355255.1000x1000x1.jpg', 'id': 380491, 'image_url': 'https://images.genius.com/a5f58893498df48fadc615a81e355255.1000x1000x1.jpg', 'is_meme_verified': False, 'is_verified': False, 'name': 'Andy Shauf', 'url': 'https://genius.com/artists/Andy-shauf'}",11,,False,32096,/artists/380491,https://images.genius.com/a5f58893498df48fadc615a81e355255.1000x1000x1.jpg,380491,https://images.genius.com/a5f58893498df48fadc615a81e355255.1000x1000x1.jpg,False,False,Andy Shauf,https://genius.com/artists/Andy-shauf
5,/songs/2818729,Andy Shauf,Early to the Party by Andy Shauf,https://images.genius.com/0d031f033e938b07532758a7e2d6e29f.300x300x1.jpg,https://images.genius.com/0d031f033e938b07532758a7e2d6e29f.1000x1000x1.jpg,2818729,3376134,complete,/Andy-shauf-early-to-the-party-lyrics,1.0,https://genius.com/Andy-shauf-early-to-the-party-sample,"{'year': 2016, 'month': 5, 'day': 20}","May 20, 2016","May. 20, 2016",https://images.genius.com/0d031f033e938b07532758a7e2d6e29f.300x300x1.jpg,https://images.genius.com/0d031f033e938b07532758a7e2d6e29f.1000x1000x1.jpg,"{'unreviewed_annotations': 5, 'hot': False, 'pageviews': 25198}",Early to the Party,Early to the Party,https://genius.com/Andy-shauf-early-to-the-party-lyrics,[],"{'api_path': '/artists/380491', 'header_image_url': 'https://images.genius.com/a5f58893498df48fadc615a81e355255.1000x1000x1.jpg', 'id': 380491, 'image_url': 'https://images.genius.com/a5f58893498df48fadc615a81e355255.1000x1000x1.jpg', 'is_meme_verified': False, 'is_verified': False, 'name': 'Andy Shauf', 'url': 'https://genius.com/artists/Andy-shauf'}",5,,False,25198,/artists/380491,https://images.genius.com/a5f58893498df48fadc615a81e355255.1000x1000x1.jpg,380491,https://images.genius.com/a5f58893498df48fadc615a81e355255.1000x1000x1.jpg,False,False,Andy Shauf,https://genius.com/artists/Andy-shauf
7,/songs/2885794,Andy Shauf,Martha Sways by Andy Shauf,https://images.genius.com/0d031f033e938b07532758a7e2d6e29f.300x300x1.jpg,https://images.genius.com/0d031f033e938b07532758a7e2d6e29f.1000x1000x1.jpg,2885794,1684296,complete,/Andy-shauf-martha-sways-lyrics,,https://genius.com/Andy-shauf-martha-sways-sample,"{'year': 2016, 'month': 5, 'day': 20}","May 20, 2016","May. 20, 2016",https://images.genius.com/0d031f033e938b07532758a7e2d6e29f.300x300x1.jpg,https://images.genius.com/0d031f033e938b07532758a7e2d6e29f.1000x1000x1.jpg,"{'unreviewed_annotations': 7, 'hot': False, 'pageviews': 19900}",Martha Sways,Martha Sways,https://genius.com/Andy-shauf-martha-sways-lyrics,[],"{'api_path': '/artists/380491', 'header_image_url': 'https://images.genius.com/a5f58893498df48fadc615a81e355255.1000x1000x1.jpg', 'id': 380491, 'image_url': 'https://images.genius.com/a5f58893498df48fadc615a81e355255.1000x1000x1.jpg', 'is_meme_verified': False, 'is_verified': False, 'name': 'Andy Shauf', 'url': 'https://genius.com/artists/Andy-shauf'}",7,,False,19900,/artists/380491,https://images.genius.com/a5f58893498df48fadc615a81e355255.1000x1000x1.jpg,380491,https://images.genius.com/a5f58893498df48fadc615a81e355255.1000x1000x1.jpg,False,False,Andy Shauf,https://genius.com/artists/Andy-shauf
7,/songs/2866004,Andy Shauf,The Worst in You by Andy Shauf,https://images.genius.com/0d031f033e938b07532758a7e2d6e29f.300x300x1.jpg,https://images.genius.com/0d031f033e938b07532758a7e2d6e29f.1000x1000x1.jpg,2866004,2450248,complete,/Andy-shauf-the-worst-in-you-lyrics,3.0,https://genius.com/Andy-shauf-the-worst-in-you-sample,"{'year': 2016, 'month': 5, 'day': 20}","May 20, 2016","May. 20, 2016",https://images.genius.com/0d031f033e938b07532758a7e2d6e29f.300x300x1.jpg,https://images.genius.com/0d031f033e938b07532758a7e2d6e29f.1000x1000x1.jpg,"{'unreviewed_annotations': 7, 'hot': False, 'pageviews': 15750}",The Worst in You,The Worst in You,https://genius.com/Andy-shauf-the-worst-in-you-lyrics,[],"{'api_path': '/artists/380491', 'header_image_url': 'https://images.genius.com/a5f58893498df48fadc615a81e355255.1000x1000x1.jpg', 'id': 380491, 'image_url': 'https://images.genius.com/a5f58893498df48fadc615a81e355255.1000x1000x1.jpg', 'is_meme_verified': False, 'is_verified': False, 'name': 'Andy Shauf', 'url': 'https://genius.com/artists/Andy-shauf'}",7,,False,15750,/artists/380491,https://images.genius.com/a5f58893498df48fadc615a81e355255.1000x1000x1.jpg,380491,https://images.genius.com/a5f58893498df48fadc615a81e355255.1000x1000x1.jpg,False,False,Andy Shauf,https://genius.com/artists/Andy-shauf
8,/songs/2885799,Andy Shauf,Twist Your Ankle by Andy Shauf,https://images.genius.com/0d031f033e938b07532758a7e2d6e29f.300x300x1.jpg,https://images.genius.com/0d031f033e938b07532758a7e2d6e29f.1000x1000x1.jpg,2885799,1684296,complete,/Andy-shauf-twist-your-ankle-lyrics,,https://genius.com/Andy-shauf-twist-your-ankle-sample,"{'year': 2016, 'month': 5, 'day': 20}","May 20, 2016","May. 20, 2016",https://images.genius.com/0d031f033e938b07532758a7e2d6e29f.300x300x1.jpg,https://images.genius.com/0d031f033e938b07532758a7e2d6e29f.1000x1000x1.jpg,"{'unreviewed_annotations': 8, 'hot': False, 'pageviews': 15964}",Twist Your Ankle,Twist Your Ankle,https://genius.com/Andy-shauf-twist-your-ankle-lyrics,[],"{'api_path': '/artists/380491', 'header_image_url': 'https://images.genius.com/a5f58893498df48fadc615a81e355255.1000x1000x1.jpg', 'id': 380491, 'image_url': 'https://images.genius.com/a5f58893498df48fadc615a81e355255.1000x1000x1.jpg', 'is_meme_verified': False, 'is_verified': False, 'name': 'Andy Shauf', 'url': 'https://genius.com/artists/Andy-shauf'}",8,,False,15964,/artists/380491,https://images.genius.com/a5f58893498df48fadc615a81e355255.1000x1000x1.jpg,380491,https://images.genius.com/a5f58893498df48fadc615a81e355255.1000x1000x1.jpg,False,False,Andy Shauf,https://genius.com/artists/Andy-shauf
10,/songs/2885745,Andy Shauf,Begin Again by Andy Shauf,https://images.genius.com/0d031f033e938b07532758a7e2d6e29f.300x300x1.jpg,https://images.genius.com/0d031f033e938b07532758a7e2d6e29f.1000x1000x1.jpg,2885745,1684296,complete,/Andy-shauf-begin-again-lyrics,,https://genius.com/Andy-shauf-begin-again-sample,"{'year': 2016, 'month': 5, 'day': 20}","May 20, 2016","May. 20, 2016",https://images.genius.com/0d031f033e938b07532758a7e2d6e29f.300x300x1.jpg,https://images.genius.com/0d031f033e938b07532758a7e2d6e29f.1000x1000x1.jpg,"{'unreviewed_annotations': 10, 'hot': False, 'pageviews': 16265}",Begin Again,Begin Again,https://genius.com/Andy-shauf-begin-again-lyrics,[],"{'api_path': '/artists/380491', 'header_image_url': 'https://images.genius.com/a5f58893498df48fadc615a81e355255.1000x1000x1.jpg', 'id': 380491, 'image_url': 'https://images.genius.com/a5f58893498df48fadc615a81e355255.1000x1000x1.jpg', 'is_meme_verified': False, 'is_verified': False, 'name': 'Andy Shauf', 'url': 'https://genius.com/artists/Andy-shauf'}",10,,False,16265,/artists/380491,https://images.genius.com/a5f58893498df48fadc615a81e355255.1000x1000x1.jpg,380491,https://images.genius.com/a5f58893498df48fadc615a81e355255.1000x1000x1.jpg,False,False,Andy Shauf,https://genius.com/artists/Andy-shauf
4,/songs/2885761,Andy Shauf,Eyes of Them All by Andy Shauf,https://images.genius.com/0d031f033e938b07532758a7e2d6e29f.300x300x1.jpg,https://images.genius.com/0d031f033e938b07532758a7e2d6e29f.1000x1000x1.jpg,2885761,1684296,complete,/Andy-shauf-eyes-of-them-all-lyrics,,https://genius.com/Andy-shauf-eyes-of-them-all-sample,"{'year': 2016, 'month': 5, 'day': 20}","May 20, 2016","May. 20, 2016",https://images.genius.com/0d031f033e938b07532758a7e2d6e29f.300x300x1.jpg,https://images.genius.com/0d031f033e938b07532758a7e2d6e29f.1000x1000x1.jpg,"{'unreviewed_annotations': 4, 'hot': False, 'pageviews': 11737}",Eyes of Them All,Eyes of Them All,https://genius.com/Andy-shauf-eyes-of-them-all-lyrics,[],"{'api_path': '/artists/380491', 'header_image_url': 'https://images.genius.com/a5f58893498df48fadc615a81e355255.1000x1000x1.jpg', 'id': 380491, 'image_url': 'https://images.genius.com/a5f58893498df48fadc615a81e355255.1000x1000x1.jpg', 'is_meme_verified': False, 'is_verified': False, 'name': 'Andy Shauf', 'url': 'https://genius.com/artists/Andy-shauf'}",4,,False,11737,/artists/380491,https://images.genius.com/a5f58893498df48fadc615a81e355255.1000x1000x1.jpg,380491,https://images.genius.com/a5f58893498df48fadc615a81e355255.1000x1000x1.jpg,False,False,Andy Shauf,https://genius.com/artists/Andy-shauf
3,/songs/2885785,Andy Shauf,Alexander All Alone by Andy Shauf,https://images.genius.com/0d031f033e938b07532758a7e2d6e29f.300x300x1.jpg,https://images.genius.com/0d031f033e938b07532758a7e2d6e29f.1000x1000x1.jpg,2885785,1684296,complete,/Andy-shauf-alexander-all-alone-lyrics,,https://genius.com/Andy-shauf-alexander-all-alone-sample,"{'year': 2016, 'month': 5, 'day': 20}","May 20, 2016","May. 20, 2016",https://images.genius.com/0d031f033e938b07532758a7e2d6e29f.300x300x1.jpg,https://images.genius.com/0d031f033e938b07532758a7e2d6e29f.1000x1000x1.jpg,"{'unreviewed_annotations': 3, 'hot': False, 'pageviews': 11738}",Alexander All Alone,Alexander All Alone,https://genius.com/Andy-shauf-alexander-all-alone-lyrics,[],"{'api_path': '/artists/380491', 'header_image_url': 'https://images.genius.com/a5f58893498df48fadc615a81e355255.1000x1000x1.jpg', 'id': 380491, 'image_url': 'https://images.genius.com/a5f58893498df48fadc615a81e355255.1000x1000x1.jpg', 'is_meme_verified': False, 'is_verified': False, 'name': 'Andy Shauf', 'url': 'https://genius.com/artists/Andy-shauf'}",3,,False,11738,/artists/380491,https://images.genius.com/a5f58893498df48fadc615a81e355255.1000x1000x1.jpg,380491,https://images.genius.com/a5f58893498df48fadc615a81e355255.1000x1000x1.jpg,False,False,Andy Shauf,https://genius.com/artists/Andy-shauf
20,/songs/203259,Slowdive,When the Sun Hits by Slowdive,https://images.genius.com/613951a3d80e01e9c6217c750b4d0cb0.300x300x1.png,https://images.genius.com/613951a3d80e01e9c6217c750b4d0cb0.1000x1000x1.png,203259,208752,complete,/Slowdive-when-the-sun-hits-lyrics,31.0,https://genius.com/Slowdive-when-the-sun-hits-sample,"{'year': 1993, 'month': 5, 'day': 17}","May 17, 1993","May. 17, 1993",https://images.genius.com/613951a3d80e01e9c6217c750b4d0cb0.300x300x1.png,https://images.genius.com/613951a3d80e01e9c6217c750b4d0cb0.1000x1000x1.png,"{'unreviewed_annotations': 17, 'hot': False, 'pageviews': 179245}",When the Sun Hits,When the Sun Hits,https://genius.com/Slowdive-when-the-sun-hits-lyrics,[],"{'api_path': '/artists/65120', 'header_image_url': 'https://images.genius.com/6132fdffab2b30a0b70eb46b6d875570.1000x667x1.jpg', 'id': 65120, 'image_url': 'https://images.genius.com/af1be5ab88d7e05df2039005fd0ee97a.669x669x1.jpg', 'is_meme_verified': False, 'is_verified': False, 'name': 'Slowdive', 'url': 'https://genius.com/artists/Slowdive'}",17,,False,179245,/artists/65120,https://images.genius.com/6132fdffab2b30a0b70eb46b6d875570.1000x667x1.jpg,65120,https://images.genius.com/af1be5ab88d7e05df2039005fd0ee97a.669x669x1.jpg,False,False,Slowdive,https://genius.com/artists/Slowdive
14,/songs/202625,Slowdive,Alison by Slowdive,https://images.genius.com/bb87963b8240f24a9896dcef6b7588b0.300x300x1.jpg,https://images.genius.com/bb87963b8240f24a9896dcef6b7588b0.1000x1000x1.jpg,202625,208752,complete,/Slowdive-alison-lyrics,31.0,https://genius.com/Slowdive-alison-sample,"{'year': 1993, 'month': 5, 'day': 17}","May 17, 1993","May. 17, 1993",https://images.genius.com/14b27bb27bf19b8b9f955be55a8941e9.300x297x1.jpg,https://images.genius.com/14b27bb27bf19b8b9f955be55a8941e9.599x593x1.jpg,"{'unreviewed_annotations': 6, 'hot': False, 'pageviews': 162873}",Alison,Alison,https://genius.com/Slowdive-alison-lyrics,[],"{'api_path': '/artists/65120', 'header_image_url': 'https://images.genius.com/6132fdffab2b30a0b70eb46b6d875570.1000x667x1.jpg', 'id': 65120, 'image_url': 'https://images.genius.com/af1be5ab88d7e05df2039005fd0ee97a.669x669x1.jpg', 'is_meme_verified': False, 'is_verified': False, 'name': 'Slowdive', 'url': 'https://genius.com/artists/Slowdive'}",6,,False,162873,/artists/65120,https://images.genius.com/6132fdffab2b30a0b70eb46b6d875570.1000x667x1.jpg,65120,https://images.genius.com/af1be5ab88d7e05df2039005fd0ee97a.669x669x1.jpg,False,False,Slowdive,https://genius.com/artists/Slowdive
8,/songs/3037643,Slowdive,Sugar for the Pill by Slowdive,https://images.genius.com/d156d498dffc196f9eb5cc6b7fe24940.300x300x1.jpg,https://images.genius.com/d156d498dffc196f9eb5cc6b7fe24940.1000x1000x1.jpg,3037643,2790115,complete,/Slowdive-sugar-for-the-pill-lyrics,27.0,https://genius.com/Slowdive-sugar-for-the-pill-sample,"{'year': 2017, 'month': 3, 'day': 28}","March 28, 2017","Mar. 28, 2017",https://images.genius.com/d156d498dffc196f9eb5cc6b7fe24940.300x300x1.jpg,https://images.genius.com/d156d498dffc196f9eb5cc6b7fe24940.1000x1000x1.jpg,"{'unreviewed_annotations': 5, 'hot': False, 'pageviews': 114387}",Sugar for the Pill,Sugar for the Pill,https://genius.com/Slowdive-sugar-for-the-pill-lyrics,[],"{'api_path': '/artists/65120', 'header_image_url': 'https://images.genius.com/6132fdffab2b30a0b70eb46b6d875570.1000x667x1.jpg', 'id': 65120, 'image_url': 'https://images.genius.com/af1be5ab88d7e05df2039005fd0ee97a.669x669x1.jpg', 'is_meme_verified': False, 'is_verified': False, 'name': 'Slowdive', 'url': 'https://genius.com/artists/Slowdive'}",5,,False,114387,/artists/65120,https://images.genius.com/6132fdffab2b30a0b70eb46b6d875570.1000x667x1.jpg,65120,https://images.genius.com/af1be5ab88d7e05df2039005fd0ee97a.669x669x1.jpg,False,False,Slowdive,https://genius.com/artists/Slowdive
8,/songs/203266,Slowdive,Dagger by Slowdive,https://images.genius.com/613951a3d80e01e9c6217c750b4d0cb0.300x300x1.png,https://images.genius.com/613951a3d80e01e9c6217c750b4d0cb0.1000x1000x1.png,203266,208752,complete,/Slowdive-dagger-lyrics,19.0,https://genius.com/Slowdive-dagger-sample,"{'year': 1993, 'month': 5, 'day': 17}","May 17, 1993","May. 17, 1993",https://images.genius.com/613951a3d80e01e9c6217c750b4d0cb0.300x300x1.png,https://images.genius.com/613951a3d80e01e9c6217c750b4d0cb0.1000x1000x1.png,"{'unreviewed_annotations': 4, 'hot': False, 'pageviews': 79462}",Dagger,Dagger,https://genius.com/Slowdive-dagger-lyrics,[],"{'api_path': '/artists/65120', 'header_image_url': 'https://images.genius.com/6132fdffab2b30a0b70eb46b6d875570.1000x667x1.jpg', 'id': 65120, 'image_url': 'https://images.genius.com/af1be5ab88d7e05df2039005fd0ee97a.669x669x1.jpg', 'is_meme_verified': False, 'is_verified': False, 'name': 'Slowdive', 'url': 'https://genius.com/artists/Slowdive'}",4,,False,79462,/artists/65120,https://images.genius.com/6132fdffab2b30a0b70eb46b6d875570.1000x667x1.jpg,65120,https://images.genius.com/af1be5ab88d7e05df2039005fd0ee97a.669x669x1.jpg,False,False,Slowdive,https://genius.com/artists/Slowdive
5,/songs/202630,Slowdive,Machine Gun by Slowdive,https://images.genius.com/613951a3d80e01e9c6217c750b4d0cb0.300x300x1.png,https://images.genius.com/613951a3d80e01e9c6217c750b4d0cb0.1000x1000x1.png,202630,208752,complete,/Slowdive-machine-gun-lyrics,16.0,https://genius.com/Slowdive-machine-gun-sample,"{'year': 1993, 'month': 5, 'day': 17}","May 17, 1993","May. 17, 1993",https://images.genius.com/613951a3d80e01e9c6217c750b4d0cb0.300x300x1.png,https://images.genius.com/613951a3d80e01e9c6217c750b4d0cb0.1000x1000x1.png,"{'unreviewed_annotations': 4, 'hot': False, 'pageviews': 64186}",Machine Gun,Machine Gun,https://genius.com/Slowdive-machine-gun-lyrics,[],"{'api_path': '/artists/65120', 'header_image_url': 'https://images.genius.com/6132fdffab2b30a0b70eb46b6d875570.1000x667x1.jpg', 'id': 65120, 'image_url': 'https://images.genius.com/af1be5ab88d7e05df2039005fd0ee97a.669x669x1.jpg', 'is_meme_verified': False, 'is_verified': False, 'name': 'Slowdive', 'url': 'https://genius.com/artists/Slowdive'}",4,,False,64186,/artists/65120,https://images.genius.com/6132fdffab2b30a0b70eb46b6d875570.1000x667x1.jpg,65120,https://images.genius.com/af1be5ab88d7e05df2039005fd0ee97a.669x669x1.jpg,False,False,Slowdive,https://genius.com/artists/Slowdive
6,/songs/202635,Slowdive,40 Days by Slowdive,https://images.genius.com/613951a3d80e01e9c6217c750b4d0cb0.300x300x1.png,https://images.genius.com/613951a3d80e01e9c6217c750b4d0cb0.1000x1000x1.png,202635,208752,complete,/Slowdive-40-days-lyrics,10.0,https://genius.com/Slowdive-40-days-sample,"{'year': 1993, 'month': 5, 'day': 17}","May 17, 1993","May. 17, 1993",https://images.genius.com/613951a3d80e01e9c6217c750b4d0cb0.300x300x1.png,https://images.genius.com/613951a3d80e01e9c6217c750b4d0cb0.1000x1000x1.png,"{'unreviewed_annotations': 4, 'hot': False, 'pageviews': 62835}",40 Days,40 Days,https://genius.com/Slowdive-40-days-lyrics,[],"{'api_path': '/artists/65120', 'header_image_url': 'https://images.genius.com/6132fdffab2b30a0b70eb46b6d875570.1000x667x1.jpg', 'id': 65120, 'image_url': 'https://images.genius.com/af1be5ab88d7e05df2039005fd0ee97a.669x669x1.jpg', 'is_meme_verified': False, 'is_verified': False, 'name': 'Slowdive', 'url': 'https://genius.com/artists/Slowdive'}",4,,False,62835,/artists/65120,https://images.genius.com/6132fdffab2b30a0b70eb46b6d875570.1000x667x1.jpg,65120,https://images.genius.com/af1be5ab88d7e05df2039005fd0ee97a.669x669x1.jpg,False,False,Slowdive,https://genius.com/artists/Slowdive
2,/songs/2954669,Slowdive,Star Roving by Slowdive,https://images.genius.com/d156d498dffc196f9eb5cc6b7fe24940.300x300x1.jpg,https://images.genius.com/d156d498dffc196f9eb5cc6b7fe24940.1000x1000x1.jpg,2954669,3264970,complete,/Slowdive-star-roving-lyrics,8.0,https://genius.com/Slowdive-star-roving-sample,"{'year': 2017, 'month': 1, 'day': 12}","January 12, 2017","Jan. 12, 2017",https://f4.bcbits.com/img/a2968716570_10.jpg,https://f4.bcbits.com/img/a2968716570_10.jpg,"{'unreviewed_annotations': 2, 'hot': False, 'pageviews': 43525}",Star Roving,Star Roving,https://genius.com/Slowdive-star-roving-lyrics,[],"{'api_path': '/artists/65120', 'header_image_url': 'https://images.genius.com/6132fdffab2b30a0b70eb46b6d875570.1000x667x1.jpg', 'id': 65120, 'image_url': 'https://images.genius.com/af1be5ab88d7e05df2039005fd0ee97a.669x669x1.jpg', 'is_meme_verified': False, 'is_verified': False, 'name': 'Slowdive', 'url': 'https://genius.com/artists/Slowdive'}",2,,False,43525,/artists/65120,https://images.genius.com/6132fdffab2b30a0b70eb46b6d875570.1000x667x1.jpg,65120,https://images.genius.com/af1be5ab88d7e05df2039005fd0ee97a.669x669x1.jpg,False,False,Slowdive,https://genius.com/artists/Slowdive
4,/songs/3037679,Slowdive,Slomo by Slowdive,https://images.genius.com/d156d498dffc196f9eb5cc6b7fe24940.300x300x1.jpg,https://images.genius.com/d156d498dffc196f9eb5cc6b7fe24940.1000x1000x1.jpg,3037679,5975883,complete,/Slowdive-slomo-lyrics,3.0,https://genius.com/Slowdive-slomo-sample,"{'year': 2017, 'month': 5, 'day': 5}","May 5, 2017","May. 5, 2017",https://images.genius.com/d156d498dffc196f9eb5cc6b7fe24940.300x300x1.jpg,https://images.genius.com/d156d498dffc196f9eb5cc6b7fe24940.1000x1000x1.jpg,"{'unreviewed_annotations': 4, 'hot': False, 'pageviews': 43469}",Slomo,Slomo,https://genius.com/Slowdive-slomo-lyrics,[],"{'api_path': '/artists/65120', 'header_image_url': 'https://images.genius.com/6132fdffab2b30a0b70eb46b6d875570.1000x667x1.jpg', 'id': 65120, 'image_url': 'https://images.genius.com/af1be5ab88d7e05df2039005fd0ee97a.669x669x1.jpg', 'is_meme_verified': False, 'is_verified': False, 'name': 'Slowdive', 'url': 'https://genius.com/artists/Slowdive'}",4,,False,43469,/artists/65120,https://images.genius.com/6132fdffab2b30a0b70eb46b6d875570.1000x667x1.jpg,65120,https://images.genius.com/af1be5ab88d7e05df2039005fd0ee97a.669x669x1.jpg,False,False,Slowdive,https://genius.com/artists/Slowdive
2,/songs/203257,Slowdive,Souvlaki Space Station by Slowdive,https://images.genius.com/bb87963b8240f24a9896dcef6b7588b0.300x300x1.jpg,https://images.genius.com/bb87963b8240f24a9896dcef6b7588b0.1000x1000x1.jpg,203257,208752,complete,/Slowdive-souvlaki-space-station-lyrics,10.0,https://genius.com/Slowdive-souvlaki-space-station-sample,"{'year': 1993, 'month': 5, 'day': 17}","May 17, 1993","May. 17, 1993",https://images.genius.com/14b27bb27bf19b8b9f955be55a8941e9.300x297x1.jpg,https://images.genius.com/14b27bb27bf19b8b9f955be55a8941e9.599x593x1.jpg,"{'unreviewed_annotations': 0, 'hot': False, 'pageviews': 50191}",Souvlaki Space Station,Souvlaki Space Station,https://genius.com/Slowdive-souvlaki-space-station-lyrics,[],"{'api_path': '/artists/65120', 'header_image_url': 'https://images.genius.com/6132fdffab2b30a0b70eb46b6d875570.1000x667x1.jpg', 'id': 65120, 'image_url': 'https://images.genius.com/af1be5ab88d7e05df2039005fd0ee97a.669x669x1.jpg', 'is_meme_verified': False, 'is_verified': False, 'name': 'Slowdive', 'url': 'https://genius.com/artists/Slowdive'}",0,,False,50191,/artists/65120,https://images.genius.com/6132fdffab2b30a0b70eb46b6d875570.1000x667x1.jpg,65120,https://images.genius.com/af1be5ab88d7e05df2039005fd0ee97a.669x669x1.jpg,False,False,Slowdive,https://genius.com/artists/Slowdive
2,/songs/3037684,Slowdive,No Longer Making Time by Slowdive,https://images.genius.com/d156d498dffc196f9eb5cc6b7fe24940.300x300x1.jpg,https://images.genius.com/d156d498dffc196f9eb5cc6b7fe24940.1000x1000x1.jpg,3037684,387897,complete,/Slowdive-no-longer-making-time-lyrics,5.0,https://genius.com/Slowdive-no-longer-making-time-sample,"{'year': 2017, 'month': 5, 'day': 5}","May 5, 2017","May. 5, 2017",https://images.genius.com/d156d498dffc196f9eb5cc6b7fe24940.300x300x1.jpg,https://images.genius.com/d156d498dffc196f9eb5cc6b7fe24940.1000x1000x1.jpg,"{'unreviewed_annotations': 2, 'hot': False, 'pageviews': 38682}",No Longer Making Time,No Longer Making Time,https://genius.com/Slowdive-no-longer-making-time-lyrics,[],"{'api_path': '/artists/65120', 'header_image_url': 'https://images.genius.com/6132fdffab2b30a0b70eb46b6d875570.1000x667x1.jpg', 'id': 65120, 'image_url': 'https://images.genius.com/af1be5ab88d7e05df2039005fd0ee97a.669x669x1.jpg', 'is_meme_verified': False, 'is_verified': False, 'name': 'Slowdive', 'url': 'https://genius.com/artists/Slowdive'}",2,,False,38682,/artists/65120,https://images.genius.com/6132fdffab2b30a0b70eb46b6d875570.1000x667x1.jpg,65120,https://images.genius.com/af1be5ab88d7e05df2039005fd0ee97a.669x669x1.jpg,False,False,Slowdive,https://genius.com/artists/Slowdive
8,/songs/3553207,Men I Trust,Show Me How by Men I Trust,https://images.genius.com/e799521b5022ccd9646d300dcf366c67.300x300x1.jpg,https://images.genius.com/e799521b5022ccd9646d300dcf366c67.1000x1000x1.jpg,3553207,3612583,complete,/Men-i-trust-show-me-how-lyrics,31.0,https://genius.com/Men-i-trust-show-me-how-sample,"{'year': 2018, 'month': 2, 'day': 28}","February 28, 2018","Feb. 28, 2018",https://images.genius.com/e799521b5022ccd9646d300dcf366c67.300x300x1.jpg,https://images.genius.com/e799521b5022ccd9646d300dcf366c67.1000x1000x1.jpg,"{'unreviewed_annotations': 8, 'hot': False, 'pageviews': 203095}",Show Me How,Show Me How,https://genius.com/Men-i-trust-show-me-how-lyrics,[],"{'api_path': '/artists/655044', 'header_image_url': 'https://images.genius.com/6b4b452133dd16b46e89ce6afdccf9e8.1000x563x1.jpg', 'id': 655044, 'image_url': 'https://images.genius.com/d6e6ba4e7f1d3c182bc7810781603e35.750x750x1.png', 'is_meme_verified': False, 'is_verified': False, 'name': 'Men I Trust', 'url': 'https://genius.com/artists/Men-i-trust'}",8,,False,203095,/artists/655044,https://images.genius.com/6b4b452133dd16b46e89ce6afdccf9e8.1000x563x1.jpg,655044,https://images.genius.com/d6e6ba4e7f1d3c182bc7810781603e35.750x750x1.png,False,False,Men I Trust,https://genius.com/artists/Men-i-trust
5,/songs/2979924,Men I Trust,Lauren by Men I Trust,https://images.genius.com/9a956e5a7c0d78e8441b31bdf14dc87b.300x300x1.jpg,https://images.genius.com/9a956e5a7c0d78e8441b31bdf14dc87b.1000x1000x1.jpg,2979924,1896383,complete,/Men-i-trust-lauren-lyrics,13.0,https://genius.com/Men-i-trust-lauren-sample,"{'year': 2016, 'month': 6, 'day': 13}","June 13, 2016","Jun. 13, 2016",https://images.genius.com/9a956e5a7c0d78e8441b31bdf14dc87b.300x300x1.jpg,https://images.genius.com/9a956e5a7c0d78e8441b31bdf14dc87b.1000x1000x1.jpg,"{'unreviewed_annotations': 4, 'hot': False, 'pageviews': 58468}",Lauren,Lauren,https://genius.com/Men-i-trust-lauren-lyrics,[],"{'api_path': '/artists/655044', 'header_image_url': 'https://images.genius.com/6b4b452133dd16b46e89ce6afdccf9e8.1000x563x1.jpg', 'id': 655044, 'image_url': 'https://images.genius.com/d6e6ba4e7f1d3c182bc7810781603e35.750x750x1.png', 'is_meme_verified': False, 'is_verified': False, 'name': 'Men I Trust', 'url': 'https://genius.com/artists/Men-i-trust'}",4,,False,58468,/artists/655044,https://images.genius.com/6b4b452133dd16b46e89ce6afdccf9e8.1000x563x1.jpg,655044,https://images.genius.com/d6e6ba4e7f1d3c182bc7810781603e35.750x750x1.png,False,False,Men I Trust,https://genius.com/artists/Men-i-trust
6,/songs/3311767,Men I Trust,I Hope to Be Around by Men I Trust,https://images.genius.com/7014d337d1aa8c8c9d9d9769bba2c574.300x300x1.jpg,https://images.genius.com/7014d337d1aa8c8c9d9d9769bba2c574.600x600x1.jpg,3311767,3612583,complete,/Men-i-trust-i-hope-to-be-around-lyrics,9.0,https://genius.com/Men-i-trust-i-hope-to-be-around-sample,"{'year': 2017, 'month': 11, 'day': 10}","November 10, 2017","Nov. 10, 2017",https://images.genius.com/7014d337d1aa8c8c9d9d9769bba2c574.300x300x1.jpg,https://images.genius.com/7014d337d1aa8c8c9d9d9769bba2c574.600x600x1.jpg,"{'unreviewed_annotations': 6, 'hot': False, 'pageviews': 54987}",I Hope to Be Around,I Hope to Be Around,https://genius.com/Men-i-trust-i-hope-to-be-around-lyrics,[],"{'api_path': '/artists/655044', 'header_image_url': 'https://images.genius.com/6b4b452133dd16b46e89ce6afdccf9e8.1000x563x1.jpg', 'id': 655044, 'image_url': 'https://images.genius.com/d6e6ba4e7f1d3c182bc7810781603e35.750x750x1.png', 'is_meme_verified': False, 'is_verified': False, 'name': 'Men I Trust', 'url': 'https://genius.com/artists/Men-i-trust'}",6,,False,54987,/artists/655044,https://images.genius.com/6b4b452133dd16b46e89ce6afdccf9e8.1000x563x1.jpg,655044,https://images.genius.com/d6e6ba4e7f1d3c182bc7810781603e35.750x750x1.png,False,False,Men I Trust,https://genius.com/artists/Men-i-trust
7,/songs/3203840,Men I Trust,Tailwhip by Men I Trust,https://images.genius.com/421b8726f74d5d5acb910f8befa39a67.300x300x1.jpg,https://images.genius.com/421b8726f74d5d5acb910f8befa39a67.1000x1000x1.jpg,3203840,4839694,complete,/Men-i-trust-tailwhip-lyrics,6.0,https://genius.com/Men-i-trust-tailwhip-sample,"{'year': 2017, 'month': 8, 'day': 19}","August 19, 2017","Aug. 19, 2017",https://images.genius.com/421b8726f74d5d5acb910f8befa39a67.300x300x1.jpg,https://images.genius.com/421b8726f74d5d5acb910f8befa39a67.1000x1000x1.jpg,"{'unreviewed_annotations': 7, 'hot': False, 'pageviews': 36620}",Tailwhip,Tailwhip,https://genius.com/Men-i-trust-tailwhip-lyrics,[],"{'api_path': '/artists/655044', 'header_image_url': 'https://images.genius.com/6b4b452133dd16b46e89ce6afdccf9e8.1000x563x1.jpg', 'id': 655044, 'image_url': 'https://images.genius.com/d6e6ba4e7f1d3c182bc7810781603e35.750x750x1.png', 'is_meme_verified': False, 'is_verified': False, 'name': 'Men I Trust', 'url': 'https://genius.com/artists/Men-i-trust'}",7,,False,36620,/artists/655044,https://images.genius.com/6b4b452133dd16b46e89ce6afdccf9e8.1000x563x1.jpg,655044,https://images.genius.com/d6e6ba4e7f1d3c182bc7810781603e35.750x750x1.png,False,False,Men I Trust,https://genius.com/artists/Men-i-trust
3,/songs/4127207,Men I Trust,Say Can You Hear by Men I Trust,https://images.genius.com/e5ab03089f8e826e141af9b7394f51b6.300x300x1.jpg,https://images.genius.com/e5ab03089f8e826e141af9b7394f51b6.1000x1000x1.jpg,4127207,2994068,complete,/Men-i-trust-say-can-you-hear-lyrics,6.0,https://genius.com/Men-i-trust-say-can-you-hear-sample,"{'year': 2018, 'month': 11, 'day': 30}","November 30, 2018","Nov. 30, 2018",https://images.genius.com/e5ab03089f8e826e141af9b7394f51b6.300x300x1.jpg,https://images.genius.com/e5ab03089f8e826e141af9b7394f51b6.1000x1000x1.jpg,"{'unreviewed_annotations': 3, 'hot': False, 'pageviews': 23194}",Say Can You Hear,Say Can You Hear,https://genius.com/Men-i-trust-say-can-you-hear-lyrics,[],"{'api_path': '/artists/655044', 'header_image_url': 'https://images.genius.com/6b4b452133dd16b46e89ce6afdccf9e8.1000x563x1.jpg', 'id': 655044, 'image_url': 'https://images.genius.com/d6e6ba4e7f1d3c182bc7810781603e35.750x750x1.png', 'is_meme_verified': False, 'is_verified': False, 'name': 'Men I Trust', 'url': 'https://genius.com/artists/Men-i-trust'}",3,,False,23194,/artists/655044,https://images.genius.com/6b4b452133dd16b46e89ce6afdccf9e8.1000x563x1.jpg,655044,https://images.genius.com/d6e6ba4e7f1d3c182bc7810781603e35.750x750x1.png,False,False,Men I Trust,https://genius.com/artists/Men-i-trust
4,/songs/4552904,Men I Trust,Norton Commander (All We Need) by Men I Trust,https://images.genius.com/2f2e66483df1fc8d21e5e7e636733bea.300x300x1.jpg,https://images.genius.com/2f2e66483df1fc8d21e5e7e636733bea.1000x1000x1.jpg,4552904,5716089,complete,/Men-i-trust-norton-commander-all-we-need-lyrics,1.0,https://genius.com/Men-i-trust-norton-commander-all-we-need-sample,"{'year': 2019, 'month': 5, 'day': 14}","May 14, 2019","May. 14, 2019",https://images.genius.com/64cbdcb3b78263054e3a2fbbae2ac8e4.300x300x1.jpg,https://images.genius.com/64cbdcb3b78263054e3a2fbbae2ac8e4.640x640x1.jpg,"{'unreviewed_annotations': 4, 'hot': False, 'pageviews': 16142}",Norton Commander (All We Need),Norton Commander (All We Need),https://genius.com/Men-i-trust-norton-commander-all-we-need-lyrics,[],"{'api_path': '/artists/655044', 'header_image_url': 'https://images.genius.com/6b4b452133dd16b46e89ce6afdccf9e8.1000x563x1.jpg', 'id': 655044, 'image_url': 'https://images.genius.com/d6e6ba4e7f1d3c182bc7810781603e35.750x750x1.png', 'is_meme_verified': False, 'is_verified': False, 'name': 'Men I Trust', 'url': 'https://genius.com/artists/Men-i-trust'}",4,,False,16142,/artists/655044,https://images.genius.com/6b4b452133dd16b46e89ce6afdccf9e8.1000x563x1.jpg,655044,https://images.genius.com/d6e6ba4e7f1d3c182bc7810781603e35.750x750x1.png,False,False,Men I Trust,https://genius.com/artists/Men-i-trust
0,/songs/4736580,Men I Trust,All Night by Men I Trust,https://images.genius.com/34ed474ecfe7cd7a6dad1db0c762eb12.300x300x1.jpg,https://images.genius.com/34ed474ecfe7cd7a6dad1db0c762eb12.1000x1000x1.jpg,4736580,1999621,complete,/Men-i-trust-all-night-lyrics,1.0,https://genius.com/Men-i-trust-all-night-sample,"{'year': 2019, 'month': 9, 'day': 13}","September 13, 2019","Sep. 13, 2019",https://images.genius.com/34ed474ecfe7cd7a6dad1db0c762eb12.300x300x1.jpg,https://images.genius.com/34ed474ecfe7cd7a6dad1db0c762eb12.1000x1000x1.jpg,"{'unreviewed_annotations': 0, 'hot': False, 'pageviews': 12548}",All Night,All Night,https://genius.com/Men-i-trust-all-night-lyrics,[],"{'api_path': '/artists/655044', 'header_image_url': 'https://images.genius.com/6b4b452133dd16b46e89ce6afdccf9e8.1000x563x1.jpg', 'id': 655044, 'image_url': 'https://images.genius.com/d6e6ba4e7f1d3c182bc7810781603e35.750x750x1.png', 'is_meme_verified': False, 'is_verified': False, 'name': 'Men I Trust', 'url': 'https://genius.com/artists/Men-i-trust'}",0,,False,12548,/artists/655044,https://images.genius.com/6b4b452133dd16b46e89ce6afdccf9e8.1000x563x1.jpg,655044,https://images.genius.com/d6e6ba4e7f1d3c182bc7810781603e35.750x750x1.png,False,False,Men I Trust,https://genius.com/artists/Men-i-trust
3,/songs/4736582,Men I Trust,Pines by Men I Trust,https://images.genius.com/34ed474ecfe7cd7a6dad1db0c762eb12.300x300x1.jpg,https://images.genius.com/34ed474ecfe7cd7a6dad1db0c762eb12.1000x1000x1.jpg,4736582,1999621,complete,/Men-i-trust-pines-lyrics,,https://genius.com/Men-i-trust-pines-sample,"{'year': 2019, 'month': 9, 'day': 13}","September 13, 2019","Sep. 13, 2019",https://images.genius.com/34ed474ecfe7cd7a6dad1db0c762eb12.300x300x1.jpg,https://images.genius.com/34ed474ecfe7cd7a6dad1db0c762eb12.1000x1000x1.jpg,"{'unreviewed_annotations': 0, 'hot': False, 'pageviews': 12876}",Pines,Pines,https://genius.com/Men-i-trust-pines-lyrics,[],"{'api_path': '/artists/655044', 'header_image_url': 'https://images.genius.com/6b4b452133dd16b46e89ce6afdccf9e8.1000x563x1.jpg', 'id': 655044, 'image_url': 'https://images.genius.com/d6e6ba4e7f1d3c182bc7810781603e35.750x750x1.png', 'is_meme_verified': False, 'is_verified': False, 'name': 'Men I Trust', 'url': 'https://genius.com/artists/Men-i-trust'}",0,,False,12876,/artists/655044,https://images.genius.com/6b4b452133dd16b46e89ce6afdccf9e8.1000x563x1.jpg,655044,https://images.genius.com/d6e6ba4e7f1d3c182bc7810781603e35.750x750x1.png,False,False,Men I Trust,https://genius.com/artists/Men-i-trust
0,/songs/4736578,Men I Trust,Found Me by Men I Trust,https://images.genius.com/34ed474ecfe7cd7a6dad1db0c762eb12.300x300x1.jpg,https://images.genius.com/34ed474ecfe7cd7a6dad1db0c762eb12.1000x1000x1.jpg,4736578,1999621,complete,/Men-i-trust-found-me-lyrics,,https://genius.com/Men-i-trust-found-me-sample,"{'year': 2019, 'month': 9, 'day': 13}","September 13, 2019","Sep. 13, 2019",https://images.genius.com/34ed474ecfe7cd7a6dad1db0c762eb12.300x300x1.jpg,https://images.genius.com/34ed474ecfe7cd7a6dad1db0c762eb12.1000x1000x1.jpg,"{'unreviewed_annotations': 0, 'hot': False, 'pageviews': 9941}",Found Me,Found Me,https://genius.com/Men-i-trust-found-me-lyrics,[],"{'api_path': '/artists/655044', 'header_image_url': 'https://images.genius.com/6b4b452133dd16b46e89ce6afdccf9e8.1000x563x1.jpg', 'id': 655044, 'image_url': 'https://images.genius.com/d6e6ba4e7f1d3c182bc7810781603e35.750x750x1.png', 'is_meme_verified': False, 'is_verified': False, 'name': 'Men I Trust', 'url': 'https://genius.com/artists/Men-i-trust'}",0,,False,9941,/artists/655044,https://images.genius.com/6b4b452133dd16b46e89ce6afdccf9e8.1000x563x1.jpg,655044,https://images.genius.com/d6e6ba4e7f1d3c182bc7810781603e35.750x750x1.png,False,False,Men I Trust,https://genius.com/artists/Men-i-trust
12,/songs/2979951,Men I Trust (Ft. Helena Deland),Break for Lovers (feat. Helena) by Men I Trust (Ft. Helena Deland),https://images.genius.com/7ad470c28a96a153104cd65916d2dbf1.300x300x1.jpg,https://images.genius.com/7ad470c28a96a153104cd65916d2dbf1.1000x1000x1.jpg,2979951,1896383,complete,/Men-i-trust-break-for-lovers-feat-helena-lyrics,2.0,https://genius.com/Men-i-trust-break-for-lovers-feat-helena-sample,"{'year': 2015, 'month': 6, 'day': 10}","June 10, 2015","Jun. 10, 2015",https://images.genius.com/7ad470c28a96a153104cd65916d2dbf1.300x300x1.jpg,https://images.genius.com/7ad470c28a96a153104cd65916d2dbf1.1000x1000x1.jpg,"{'unreviewed_annotations': 12, 'hot': False, 'pageviews': 13007}",Break for Lovers (feat. Helena),Break for Lovers (feat. Helena) (Ft. Helena Deland),https://genius.com/Men-i-trust-break-for-lovers-feat-helena-lyrics,"[{'api_path': '/artists/52885', 'header_image_url': 'https://images.genius.com/d5cde27b9e707615cee96f6fa80bfecc.1000x420x1.png', 'id': 52885, 'image_url': 'https://images.genius.com/d2b96722fc148c5907930daf2ada33b0.959x959x1.jpg', 'is_meme_verified': False, 'is_verified': False, 'name': 'Helena Deland', 'url': 'https://genius.com/artists/Helena-deland'}]","{'api_path': '/artists/655044', 'header_image_url': 'https://images.genius.com/6b4b452133dd16b46e89ce6afdccf9e8.1000x563x1.jpg', 'id': 655044, 'image_url': 'https://images.genius.com/d6e6ba4e7f1d3c182bc7810781603e35.750x750x1.png', 'is_meme_verified': False, 'is_verified': False, 'name': 'Men I Trust', 'url': 'https://genius.com/artists/Men-i-trust'}",12,,False,13007,/artists/655044,https://images.genius.com/6b4b452133dd16b46e89ce6afdccf9e8.1000x563x1.jpg,655044,https://images.genius.com/d6e6ba4e7f1d3c182bc7810781603e35.750x750x1.png,False,False,Men I Trust,https://genius.com/artists/Men-i-trust
